index,pts,timestamp_s,type,key_frame,packet_bytes,mv_count,mv_mean_magnitude_px,mv_median_magnitude_px,mv_max_magnitude_px,mv_mean_dx_px,mv_mean_dy_px,mv_mean_abs_dx_px,mv_mean_abs_dy_px,mv_zero_ratio,mv_forward,mv_backward,mv_side_data,mv_grid_r0c0,mv_grid_r1c0,mv_grid_r2c0,mv_grid_r3c0,mv_grid_r0c1,mv_grid_r1c1,mv_grid_r2c1,mv_grid_r3c1,mv_grid_r0c2,mv_grid_r1c2,mv_grid_r2c2,mv_grid_r3c2,mv_grid_r0c3,mv_grid_r1c3,mv_grid_r2c3,mv_grid_r3c3
0,0,0.000000,I,true,508708,0,0.0000,0.0000,0.0000,0.0000,0.0000,0.0000,0.0000,0.0000,0,0,false,0.0000,0.0000,0.0000,0.0000,0.0000,0.0000,0.0000,0.0000,0.0000,0.0000,0.0000,0.0000,0.0000,0.0000,0.0000,0.0000
1,1024,0.066667,B,false,4009,60018,0.0839,0.0000,89.8200,-0.0062,0.0158,0.0719,0.0284,0.9845,31317,28701,true,0.0000,0.0006,0.0005,0.0004,0.0000,0.0045,0.0005,0.0009,0.0001,0.0041,0.8443,0.4883,0.0000,0.0000,0.0015,0.0008
2,2048,0.133333,B,false,6980,60261,0.2073,0.0000,116.7331,-0.0031,0.0589,0.1572,0.1064,0.9667,30938,29323,true,0.0044,0.0035,0.0042,0.0027,0.0028,0.0134,0.0146,0.0039,0.0066,0.0059,2.3523,0.9946,0.0032,0.0031,0.0073,0.0071
3,3072,0.200000,B,false,4434,63036,0.1809,0.0000,82.9627,0.0140,0.0105,0.1251,0.1145,0.9810,31143,31893,true,0.0001,0.0003,0.0016,0.0009,0.0007,0.0010,0.0065,0.0008,0.0001,0.0011,1.5685,1.4319,0.0001,0.0007,0.0009,0.0002
4,4096,0.266667,P,false,28549,34159,0.4049,0.0000,130.5843,-0.1027,-0.0041,0.2468,0.2349,0.8259,0,34159,true,0.2614,0.1247,0.1247,0.1416,0.2041,0.0966,0.3763,0.0913,0.2892,0.1404,2.8504,1.7888,0.1059,0.0511,0.1421,0.1142
5,5120,0.333333,B,false,4372,61916,0.2096,0.0000,76.2500,0.0104,0.0120,0.1331,0.1462,0.9829,31980,29936,true,0.0001,0.0004,0.0004,0.0004,0.0008,0.0004,0.0254,0.0001,0.0001,0.0003,1.8944,1.5668,0.0006,0.0001,0.0004,0.0002
6,6144,0.400000,B,false,7232,61283,0.4716,0.0000,144.3122,-0.0055,-0.0248,0.3214,0.3060,0.9759,30868,30415,true,0.0002,0.0027,0.0024,0.0011,0.0008,0.0029,0.0438,0.0014,0.0008,0.0016,4.7972,3.1359,0.0005,0.0010,0.0022,0.0019
7,7168,0.466667,B,false,4630,62479,0.2423,0.0000,93.5097,-0.0360,-0.0393,0.1668,0.1537,0.9821,30436,32043,true,0.0001,0.0006,0.0006,0.0002,0.0006,0.0016,0.0015,0.0006,0.0001,0.0001,1.8424,2.2937,0.0005,0.0001,0.0007,0.0007
8,8192,0.533333,P,false,44066,34591,0.4796,0.0000,231.4568,-0.2698,-0.1554,0.3444,0.2724,0.8937,0,34591,true,0.0022,0.0415,0.0506,0.0389,0.0250,0.0711,0.2507,0.0519,0.0015,0.0600,3.9331,4.1453,0.0441,0.0106,0.0225,0.0193
9,9216,0.600000,B,false,5897,59777,0.1809,0.0000,48.6261,-0.0269,-0.0322,0.1342,0.0836,0.9795,31804,27973,true,0.0002,0.0017,0.0023,0.0001,0.0015,0.0021,0.0020,0.0016,0.0000,0.0004,1.3659,1.5105,0.0001,0.0000,0.0006,0.0019
10,10240,0.666667,B,false,9834,56465,0.2901,0.0000,134.5996,-0.0450,-0.0262,0.2128,0.1416,0.9664,25880,30585,true,0.0007,0.0049,0.0040,0.0058,0.0061,0.0071,0.0126,0.0085,0.0045,0.0029,2.6502,2.1282,0.0013,0.0014,0.0019,0.0044
11,11264,0.733333,B,false,6197,55376,0.1234,0.0000,100.8960,0.0024,0.0230,0.0954,0.0543,0.9714,23384,31992,true,0.0002,0.0058,0.0065,0.0017,0.0022,0.0074,0.0061,0.0093,0.0000,0.0024,0.8412,1.0987,0.0000,0.0000,0.0034,0.0008
12,12288,0.800000,P,false,149422,42119,0.4801,0.0000,158.7238,-0.1286,-0.0461,0.3027,0.2668,0.6698,0,42119,true,0.0104,0.2081,0.1889,0.3445,0.1133,0.2485,0.3920,0.4462,0.0260,0.2081,2.8798,2.8170,0.0061,0.0507,0.1256,0.1532
13,13312,0.866667,B,false,5636,55134,0.1591,0.0000,60.5083,-0.0012,0.0073,0.0719,0.1242,0.9807,32066,23068,true,0.0001,0.0003,0.0003,0.0006,0.0002,0.0007,0.0009,0.0004,0.0000,0.0007,0.9923,1.4789,0.0001,0.0000,0.0002,0.0003
14,14336,0.933333,B,false,8543,56385,0.3566,0.0000,111.8174,-0.0405,0.0423,0.1047,0.3150,0.9703,30849,25536,true,0.0030,0.0026,0.0014,0.0017,0.0016,0.0033,0.0025,0.0023,0.0035,0.0009,2.5724,3.0810,0.0003,0.0006,0.0019,0.0025
15,15360,1.000000,B,false,5531,59361,0.1726,0.0000,45.7882,-0.0082,0.0036,0.0422,0.1565,0.9814,28786,30575,true,0.0078,0.0004,0.0000,0.0001,0.0006,0.0024,0.0009,0.0004,0.0064,0.0000,1.1514,1.6014,0.0005,0.0024,0.0007,0.0001
16,16384,1.066667,P,false,164271,41394,0.5507,0.0000,115.6787,-0.0963,-0.3249,0.2042,0.4403,0.7212,0,41394,true,0.0526,0.1244,0.1539,0.1810,0.0748,0.1348,0.2178,0.2177,0.0175,0.1115,3.4429,4.6357,0.0055,0.0429,0.0607,0.1031
17,17408,1.133333,B,false,4911,61247,0.2019,0.0000,47.0804,-0.0192,0.0192,0.0693,0.1791,0.9839,32115,29132,true,0.0000,0.0000,0.0001,0.0000,0.0000,0.0000,0.0000,0.0000,0.0000,0.0001,1.3090,2.0096,0.0000,0.0000,0.0004,0.0002
18,18432,1.200000,B,false,7613,59879,0.3826,0.0000,100.1212,-0.0272,-0.0378,0.1420,0.3340,0.9766,31229,28650,true,0.0002,0.0022,0.0012,0.0007,0.0001,0.0016,0.0007,0.0008,0.0003,0.0004,2.3213,3.8456,0.0052,0.0006,0.0009,0.0026
19,19456,1.266667,B,false,4455,62817,0.1810,0.0000,81.0062,0.0230,-0.0313,0.0843,0.1463,0.9832,31310,31507,true,0.0001,0.0000,0.0000,0.0001,0.0001,0.0000,0.0000,0.0001,0.0000,0.0000,0.9616,2.0448,0.0001,0.0003,0.0002,0.0003
20,20480,1.333333,P,false,51195,35392,0.5738,0.0000,172.8665,0.1457,-0.4061,0.2395,0.4592,0.8978,0,35392,true,0.0010,0.0367,0.0378,0.0480,0.0151,0.0243,0.0641,0.0851,0.0173,0.0688,3.5005,6.0550,0.0001,0.0037,0.0112,0.0205
21,21504,1.400000,B,false,4478,60252,0.0993,0.0000,52.9014,-0.0024,0.0105,0.0521,0.0720,0.9838,32287,27965,true,0.0000,0.0000,0.0001,0.0000,0.0001,0.0000,0.0001,0.0003,0.0001,0.0000,0.3207,1.2529,0.0013,0.0001,0.0001,0.0019
22,22528,1.466667,B,false,7374,59978,0.2335,0.0000,122.4605,0.0091,0.0560,0.1022,0.1840,0.9770,31188,28790,true,0.0001,0.0008,0.0011,0.0011,0.0005,0.0013,0.0004,0.0009,0.0037,0.0004,1.1223,2.5996,0.0016,0.0014,0.0010,0.0018
23,23552,1.533333,B,false,3631,62478,0.0864,0.0000,93.7500,0.0040,-0.0064,0.0281,0.0724,0.9858,31005,31473,true,0.0002,0.0000,0.0003,0.0003,0.0003,0.0002,0.0006,0.0001,0.0009,0.0000,0.3482,1.0984,0.0004,0.0001,0.0006,0.0005
24,24576,1.600000,P,false,47472,35083,0.4863,0.0000,135.9727,0.1273,-0.3015,0.2057,0.3799,0.9051,0,35083,true,0.0302,0.0237,0.0453,0.0365,0.0409,0.0488,0.0839,0.0485,0.1592,0.0466,2.7397,4.3594,0.3422,0.0153,0.0235,0.0228
25,25600,1.666667,B,false,4956,59026,0.1431,0.0000,50.8589,0.0119,0.0050,0.0401,0.1298,0.9841,32029,26997,true,0.0000,0.0000,0.0000,0.0001,0.0001,0.0011,0.0001,0.0002,0.0001,0.0003,0.7502,1.4996,0.0001,0.0001,0.0003,0.0003
26,26624,1.733333,B,false,7453,57662,0.3999,0.0000,83.1602,0.0541,-0.0713,0.1440,0.3472,0.9767,31274,26388,true,0.0004,0.0007,0.0011,0.0006,0.0008,0.0012,0.0007,0.0008,0.0006,0.0009,2.1780,3.8960,0.0004,0.0004,0.0023,0.0018
27,27648,1.800000,B,false,4552,62353,0.2181,0.0000,63.3211,0.0214,0.0117,0.0940,0.1843,0.9837,31409,30944,true,0.0001,0.0001,0.0000,0.0001,0.0001,0.0001,0.0006,0.0002,0.0002,0.0000,0.9869,2.5845,0.0001,0.0001,0.0005,0.0001
28,28672,1.866667,P,false,107600,37587,0.2960,0.0000,104.1588,-0.0605,-0.1774,0.1188,0.2302,0.8747,0,37587,true,0.0015,0.0534,0.0539,0.0455,0.0143,0.0589,0.0676,0.0693,0.0029,0.0666,1.2171,3.6911,0.0031,0.0184,0.0202,0.0478
29,29696,1.933333,B,false,5377,60375,0.2538,0.0000,52.6361,-0.0077,-0.0393,0.1657,0.1695,0.9824,31000,29375,true,0.0000,0.0001,0.0002,0.0002,0.0001,0.0007,0.0002,0.0004,0.0001,0.0002,1.1323,2.9740,0.0001,0.0069,0.0062,0.0013
30,30720,2.000000,B,false,9131,51168,0.5252,0.0000,117.6693,-0.0101,-0.0859,0.3650,0.3250,0.9718,30278,20890,true,0.0022,0.0020,0.0018,0.0035,0.0018,0.0136,0.0059,0.0039,0.0062,0.0030,2.6299,5.8939,0.0044,0.0037,0.0254,0.1351
31,31744,2.066667,B,false,4249,62263,0.2070,0.0000,112.8176,-0.0246,-0.0109,0.1631,0.1033,0.9808,31821,30442,true,0.0004,0.0007,0.0003,0.0004,0.0004,0.0002,0.0001,0.0001,0.0005,0.0004,1.0052,2.3260,0.0004,0.0011,0.0014,0.0012
32,32768,2.133333,P,false,140198,40466,0.6271,0.0000,157.1522,-0.2542,-0.1623,0.4023,0.3575,0.7686,0,40466,true,0.0752,0.1624,0.1481,0.3225,0.1266,0.2861,0.2307,0.3215,0.1269,0.1529,2.5749,5.6162,0.1195,0.2007,0.4052,0.4455
33,33792,2.200000,B,false,4331,60858,0.1159,0.0000,50.6069,0.0238,0.0289,0.0830,0.0703,0.9842,32047,28811,true,0.0000,0.0000,0.0000,0.0000,0.0008,0.0001,0.0001,0.0001,0.0001,0.0001,0.4159,1.4898,0.0001,0.0005,0.0001,0.0001
34,34816,2.266667,B,false,7173,60084,0.2612,0.0000,88.6542,-0.0338,-0.0107,0.1718,0.1751,0.9766,30891,29193,true,0.0005,0.0012,0.0007,0.0003,0.0014,0.0023,0.0011,0.0003,0.0010,0.0009,0.9082,3.1615,0.0020,0.0062,0.0015,0.0031
35,35840,2.333333,B,false,4144,61588,0.1056,0.0000,49.0159,-0.0133,-0.0121,0.0610,0.0775,0.9823,31427,30161,true,0.0000,0.0005,0.0004,0.0001,0.0008,0.0007,0.0001,0.0008,0.0009,0.0007,0.2903,1.4281,0.0000,0.0012,0.0071,0.0006
36,36864,2.400000,P,false,49026,35157,0.6308,0.0000,120.2874,-0.3864,-0.3205,0.4479,0.3827,0.8958,0,35157,true,0.0281,0.0296,0.0379,0.0447,0.0424,0.0872,0.0922,0.0421,0.0786,0.0760,2.5315,6.6332,0.0788,0.1081,0.1055,0.0800
37,37888,2.466667,B,false,4714,60479,0.1244,0.0000,94.6787,-0.0126,0.0052,0.0584,0.0988,0.9786,31532,28947,true,0.0004,0.0006,0.0003,0.0006,0.0003,0.0015,0.0005,0.0002,0.0003,0.0007,0.2490,1.6727,0.0018,0.0009,0.0013,0.0011
38,38912,2.533333,B,false,2700,63683,0.0698,0.0000,15.1327,-0.0009,0.0029,0.0265,0.0578,0.9822,31660,32023,true,0.0001,0.0001,0.0002,0.0002,0.0001,0.0006,0.0001,0.0002,0.0001,0.0001,0.0994,1.0365,0.0000,0.0002,0.0006,0.0002
39,39936,2.600000,P,false,40736,34445,0.3193,0.0000,95.8541,-0.1054,-0.1430,0.2025,0.1906,0.9266,0,34445,true,0.0537,0.0442,0.0224,0.0502,0.0259,0.0230,0.0318,0.0112,0.0605,0.0415,1.0942,3.5278,0.0111,0.0334,0.0425,0.0816
40,40960,2.666667,B,false,10891,45581,0.0766,0.0000,31.1448,-0.0048,0.0050,0.0357,0.0479,0.9607,27333,18248,true,0.0388,0.0436,0.0312,0.0283,0.0662,0.0350,0.0558,0.0295,0.0501,0.0635,0.1270,0.4753,0.0261,0.0400,0.0677,0.0599
41,41984,2.733333,B,false,7674,44251,0.0988,0.0000,25.0000,-0.0111,0.0139,0.0524,0.0650,0.9498,32229,12022,true,0.0070,0.0048,0.0072,0.0073,0.0214,0.0101,0.0220,0.0052,0.0183,0.0176,0.1292,1.1074,0.0064,0.0061,0.0208,0.0200
42,43008,2.800000,B,false,2571,62942,0.0232,0.0000,18.3115,0.0050,0.0009,0.0117,0.0168,0.9872,31210,31732,true,0.0002,0.0001,0.0002,0.0002,0.0001,0.0001,0.0006,0.0005,0.0002,0.0001,0.0160,0.3801,0.0001,0.0019,0.0012,0.0004
43,44032,2.866667,P,false,257105,44274,1.1326,0.2500,47.8912,0.1057,-0.1370,0.5645,0.7160,0.4003,0,44274,true,2.3458,0.6609,0.6462,0.8303,1.3534,0.7245,0.8177,0.6663,1.8574,0.6120,1.2965,2.7834,1.0373,1.1678,1.5169,1.1969
44,45056,2.933333,B,false,3724,60967,0.0273,0.0000,16.0000,0.0062,-0.0011,0.0142,0.0197,0.9853,31902,29065,true,0.0000,0.0000,0.0003,0.0002,0.0001,0.0000,0.0002,0.0001,0.0008,0.0010,0.0301,0.4098,0.0021,0.0098,0.0003,0.0002
45,46080,3.000000,B,false,5940,60635,0.0968,0.0000,18.1556,0.0254,0.0018,0.0641,0.0635,0.9783,31350,29285,true,0.0007,0.0007,0.0008,0.0006,0.0020,0.0007,0.0018,0.0011,0.0010,0.0009,0.1142,1.4530,0.0008,0.0037,0.0014,0.0008
46,47104,3.066667,B,false,3312,62734,0.0551,0.0000,17.3385,0.0024,0.0011,0.0421,0.0309,0.9835,30657,32077,true,0.0001,0.0000,0.0001,0.0000,0.0001,0.0001,0.0002,0.0001,0.0001,0.0000,0.0535,0.8621,0.0001,0.0031,0.0001,0.0003
47,48128,3.133333,P,false,42538,36449,0.3576,0.0000,33.6842,-0.1217,-0.1631,0.2170,0.2363,0.8599,0,36449,true,0.0249,0.0405,0.0729,0.0577,0.2234,0.0550,0.0804,0.0804,0.0159,0.0556,0.5726,3.8834,0.0163,0.0399,0.1018,0.0687
48,49152,3.200000,B,false,5673,59746,0.0931,0.0000,30.0260,0.0010,0.0048,0.0638,0.0567,0.9791,32038,27708,true,0.0001,0.0001,0.0001,0.0003,0.0004,0.0002,0.0000,0.0002,0.0039,0.0009,0.1397,1.2994,0.0004,0.0038,0.0002,0.0015
49,50176,3.266667,B,false,7794,57984,0.1995,0.0000,135.6984,-0.0293,-0.0032,0.1389,0.1198,0.9681,31854,26130,true,0.0001,0.0012,0.0010,0.0006,0.0005,0.0018,0.0012,0.0009,0.0037,0.0016,0.2290,2.5851,0.0003,0.0008,0.0011,0.0020
50,51200,3.333333,B,false,4023,63019,0.0746,0.0000,58.0048,-0.0089,0.0009,0.0498,0.0454,0.9793,30952,32067,true,0.0001,0.0001,0.0001,0.0002,0.0001,0.0000,0.0001,0.0001,0.0001,0.0001,0.0717,1.1513,0.0000,0.0001,0.0001,0.0001
51,52224,3.400000,P,false,75562,37589,0.4887,0.0000,55.5990,-0.1708,-0.1716,0.3385,0.2917,0.8491,0,37589,true,0.0217,0.0501,0.0864,0.0563,0.0443,0.0687,0.0787,0.0466,0.0311,0.0652,0.8246,6.4478,0.0575,0.0644,0.0728,0.0548
52,53248,3.466667,B,false,3552,56533,0.0297,0.0000,26.3403,0.0001,0.0063,0.0118,0.0238,0.9855,32067,24466,true,0.0001,0.0002,0.0006,0.0004,0.0006,0.0000,0.0008,0.0002,0.0000,0.0000,0.0211,0.4714,0.0018,0.0000,0.0001,0.0002
53,54272,3.533333,B,false,6154,58243,0.0827,0.0000,61.5274,0.0229,-0.0059,0.0390,0.0626,0.9760,31233,27010,true,0.0002,0.0017,0.0021,0.0017,0.0005,0.0007,0.0017,0.0009,0.0002,0.0005,0.0719,1.2320,0.0054,0.0003,0.0011,0.0016
54,55296,3.600000,B,false,3038,61699,0.0230,0.0000,21.9829,0.0008,-0.0004,0.0077,0.0182,0.9847,30662,31037,true,0.0001,0.0001,0.0000,0.0006,0.0004,0.0001,0.0000,0.0001,0.0001,0.0000,0.0377,0.3604,0.0018,0.0001,0.0001,0.0003
55,56320,3.666667,P,false,91070,39043,0.2851,0.0000,78.3362,-0.0439,-0.1251,0.1262,0.2051,0.8155,0,39043,true,0.0238,0.1320,0.1057,0.1063,0.1278,0.0773,0.0790,0.0692,0.0291,0.1137,0.4213,2.8311,0.0878,0.0302,0.0847,0.1356
56,57344,3.733333,B,false,4842,59645,0.0519,0.0000,38.1182,-0.0033,-0.0034,0.0294,0.0328,0.9815,31021,28624,true,0.0001,0.0044,0.0004,0.0005,0.0002,0.0003,0.0004,0.0005,0.0002,0.0004,0.0332,0.7409,0.0002,0.0003,0.0006,0.0760
57,58368,3.800000,P,false,55961,36828,0.2053,0.0000,85.8429,-0.0374,-0.0596,0.1085,0.1339,0.8607,0,36828,true,0.0528,0.0538,0.0596,0.0530,0.0495,0.0441,0.0818,0.0582,0.0038,0.0580,0.2175,2.2749,0.0116,0.0297,0.0828,0.0630
58,59392,3.866667,B,false,3983,61725,0.0582,0.0000,65.4599,-0.0106,-0.0036,0.0434,0.0287,0.9775,32121,29604,true,0.0017,0.0011,0.0010,0.0007,0.0013,0.0014,0.0014,0.0008,0.0026,0.0009,0.0236,0.8648,0.0011,0.0030,0.0034,0.0674
59,60416,3.933333,P,false,40529,35188,0.2401,0.0000,75.2130,-0.0296,-0.0827,0.1656,0.1298,0.9045,0,35188,true,0.0050,0.0207,0.0370,0.0429,0.0359,0.0327,0.0299,0.0561,0.0012,0.0205,0.1730,2.7867,0.0005,0.0236,0.0084,0.4024
60,61440,4.000000,B,false,4131,50249,0.0558,0.0000,58.0000,-0.0172,-0.0042,0.0469,0.0190,0.9829,32199,18050,true,0.0000,0.0003,0.0005,0.0005,0.0003,0.0003,0.0002,0.0008,0.0001,0.0001,0.1221,0.6252,0.0001,0.0000,0.0003,0.1323
61,62464,4.066667,B,false,6976,53592,0.1320,0.0000,27.5284,-0.0446,-0.0240,0.1161,0.0466,0.9655,32115,21477,true,0.0027,0.0074,0.0040,0.0037,0.0029,0.0047,0.0081,0.0108,0.0043,0.0030,0.2615,1.6414,0.0027,0.0028,0.0059,0.0330
62,63488,4.133333,B,false,3205,61624,0.0507,0.0000,20.0000,0.0151,0.0042,0.0444,0.0180,0.9872,29728,31896,true,0.0000,0.0003,0.0004,0.0004,0.0000,0.0000,0.0001,0.0005,0.0001,0.0001,0.1055,0.7739,0.0001,0.0000,0.0001,0.0242
63,64512,4.200000,P,false,190298,42028,0.5798,0.0000,116.1812,0.2045,-0.0027,0.4249,0.2526,0.6884,0,42028,true,0.1882,0.1858,0.2634,0.3456,0.2014,0.2189,0.4107,0.3150,0.0672,0.1490,1.2384,4.6734,0.0162,0.1995,0.2231,0.8191
64,65536,4.266667,B,false,3859,57768,0.0726,0.0000,32.1403,0.0114,0.0059,0.0571,0.0310,0.9824,31942,25826,true,0.0000,0.0003,0.0004,0.0000,0.0001,0.0000,0.0000,0.0002,0.0000,0.0010,0.0898,1.0366,0.0000,0.0004,0.0012,0.0173
65,66560,4.333333,B,false,7065,57695,0.2359,0.0000,75.5811,0.0097,0.0199,0.1939,0.0966,0.9743,31614,26081,true,0.0002,0.0026,0.0013,0.0009,0.0006,0.0010,0.0016,0.0009,0.0004,0.0014,0.2369,3.1420,0.0002,0.0011,0.0018,0.1455
66,67584,4.400000,B,false,3544,63700,0.1194,0.0000,66.6488,0.0027,-0.0121,0.0989,0.0505,0.9826,31755,31945,true,0.0000,0.0001,0.0001,0.0000,0.0000,0.0000,0.0000,0.0002,0.0000,0.0004,0.0881,1.9040,0.0000,0.0001,0.0001,0.0213
67,68608,4.466667,P,false,79031,35949,0.4582,0.0000,87.7674,0.3014,-0.0329,0.3689,0.1639,0.8815,0,35949,true,0.0066,0.0532,0.0720,0.0430,0.0225,0.0606,0.0542,0.0690,0.0323,0.0967,0.5649,6.8470,0.0659,0.0684,0.0626,0.3369
68,69632,4.533333,B,false,4578,61058,0.2122,0.0000,105.0149,0.0115,-0.0120,0.1963,0.0588,0.9817,32127,28931,true,0.0000,0.0000,0.0001,0.0001,0.0001,0.0000,0.0003,0.0001,0.0000,0.0000,0.2083,3.1719,0.0000,0.0000,0.0001,0.0154
69,70656,4.600000,B,false,7536,60780,0.6081,0.0000,97.2677,-0.0875,0.0295,0.5663,0.1739,0.9742,31537,29243,true,0.0001,0.0006,0.0011,0.0004,0.0002,0.0016,0.0007,0.0010,0.0032,0.0005,0.9294,8.5377,0.0011,0.0003,0.0004,0.0235
70,71680,4.666667,B,false,4222,63486,0.3355,0.0000,52.7310,-0.0133,0.0082,0.3134,0.0934,0.9797,31243,32243,true,0.0000,0.0000,0.0000,0.0002,0.0001,0.0000,0.0000,0.0158,0.0000,0.0000,0.3495,5.1379,0.0000,0.0005,0.0001,0.0142
71,72704,4.733333,P,false,51194,34470,0.4338,0.0000,106.0189,0.2170,-0.0141,0.3310,0.1864,0.9057,0,34470,true,0.0843,0.0587,0.0430,0.0755,0.0971,0.0441,0.0415,0.1800,0.1175,0.0952,0.4964,6.8029,0.2421,0.0719,0.1002,0.5786
72,73728,4.800000,B,false,4383,62080,0.4846,0.0000,133.4131,-0.0541,0.0103,0.4522,0.1416,0.9799,32187,29893,true,0.0000,0.0002,0.0001,0.0001,0.0001,0.0000,0.0000,0.2356,0.0001,0.0006,0.2666,7.5493,0.0000,0.0006,0.0002,0.0003
73,74752,4.866667,B,false,6910,61712,0.9633,0.0000,125.5428,-0.2541,0.0470,0.9162,0.2333,0.9798,30684,31028,true,0.0002,0.0001,0.0004,0.0074,0.0024,0.0001,0.0004,0.9060,0.0028,0.0004,0.3271,15.2258,0.0003,0.0003,0.0006,0.0047
74,75776,4.933333,B,false,4258,61297,0.4669,0.0000,93.2500,0.1149,-0.0374,0.4410,0.1116,0.9836,31767,29530,true,0.0000,0.0001,0.0001,0.0006,0.0001,0.0001,0.0116,0.3480,0.0000,0.0002,0.1003,7.5456,0.0000,0.0001,0.0004,0.0008
75,76800,5.000000,P,false,45648,33192,0.4764,0.0000,233.9084,0.3859,-0.0331,0.4298,0.1368,0.9458,0,33192,true,0.0014,0.0195,0.0185,0.0236,0.0194,0.0180,0.0206,1.0449,0.1489,0.0249,0.2582,7.5561,0.0001,0.0067,0.0196,0.1164
76,77824,5.066667,B,false,4758,60467,0.4517,0.0000,119.7542,0.0177,-0.0069,0.4342,0.0764,0.9806,31532,28935,true,0.0000,0.0009,0.0003,0.0002,0.0002,0.0003,0.0257,1.2466,0.0000,0.0003,0.0311,6.0805,0.0001,0.0005,0.0009,0.0004
77,78848,5.133333,P,false,41224,33038,0.9011,0.0000,260.8143,0.8418,-0.0909,0.8569,0.1633,0.9462,0,33038,true,0.0011,0.0092,0.0073,0.0085,0.0040,0.0149,0.0131,3.8046,0.0007,0.0112,0.0316,11.3677,0.1255,0.0130,0.0076,0.0475
78,79872,5.200000,B,false,3407,63148,0.3896,0.0000,97.0029,0.0107,0.0426,0.3561,0.1252,0.9811,32152,30996,true,0.0000,0.0005,0.0000,0.0000,0.0001,0.0002,0.0018,2.0630,0.0001,0.0000,0.0033,4.3373,0.0002,0.0005,0.0002,0.0003
79,80896,5.266667,B,false,8213,43647,1.1378,0.0000,210.5380,0.3220,0.1364,0.9721,0.4894,0.9634,11523,32124,true,0.0006,0.0135,0.0022,0.0036,0.0011,0.0020,0.0110,8.3515,0.0036,0.0022,0.0194,11.3708,0.0003,0.0047,0.0056,0.0104
80,81920,5.333333,B,false,5346,44528,0.5635,0.0000,96.8401,0.0259,0.0568,0.4125,0.3558,0.9599,32055,12473,true,0.0036,0.0085,0.0032,0.0020,0.0064,0.0032,0.0094,4.1069,0.0082,0.0031,0.0084,5.5918,0.0361,0.0602,0.0168,0.0106
81,82944,5.400000,P,false,331622,42098,1.5969,0.2500,303.7566,0.6978,-0.1604,1.1069,0.8136,0.4342,0,42098,true,0.9677,0.6080,0.6071,0.8184,0.7433,0.6789,0.8226,4.8644,1.1331,0.5156,1.3993,10.2043,1.2100,0.5979,1.1598,1.2555
82,83968,5.466667,B,false,4213,62899,0.3747,0.0000,81.8413,0.0144,0.0007,0.2104,0.2958,0.9817,32253,30646,true,0.0006,0.0005,0.0003,0.0000,0.0001,0.0000,0.0009,3.0601,0.0001,0.0001,0.0007,2.9431,0.0090,0.0029,0.0008,0.0007
83,84992,5.533333,B,false,7350,60365,0.3954,0.0000,160.0861,0.0011,0.0067,0.2639,0.2731,0.9795,30921,29444,true,0.0185,0.0034,0.0019,0.0008,0.0067,0.0022,0.0031,3.6745,0.0150,0.0018,0.0051,3.0963,0.0018,0.0505,0.0088,0.0114
84,86016,5.600000,B,false,4130,62978,0.2689,0.0000,102.7281,0.0128,-0.0390,0.1917,0.1702,0.9853,31671,31307,true,0.0000,0.0003,0.0001,0.0001,0.0014,0.0000,0.0004,2.5757,0.0000,0.0001,0.0001,1.8542,0.0088,0.0028,0.0001,0.0012
85,87040,5.666667,P,false,33700,33674,0.3933,0.0000,256.7431,0.1814,-0.1580,0.2515,0.2422,0.8932,0,33674,true,0.0959,0.1014,0.0517,0.0378,0.0705,0.0806,0.1224,4.1072,0.2732,0.0615,0.1338,1.4826,0.1179,0.0862,0.2001,0.1310
86,88064,5.733333,B,false,3346,63698,0.2912,0.0000,141.6115,-0.0208,-0.0041,0.2510,0.1214,0.9850,32118,31580,true,0.0000,0.0001,0.0001,0.0320,0.0011,0.0003,0.0004,3.6337,0.0001,0.0002,0.0001,1.2217,0.0000,0.0002,0.0000,0.0006
87,89088,5.800000,B,false,5446,62927,0.5289,0.0000,163.2483,0.0681,0.0123,0.4745,0.1950,0.9829,31388,31539,true,0.0003,0.0013,0.0008,0.0009,0.0001,0.0006,0.0018,7.4473,0.0004,0.0012,0.0009,1.5949,0.0001,0.0033,0.0011,0.0032
88,90112,5.866667,B,false,3185,63855,0.2973,0.0000,86.0472,0.0039,0.0281,0.2644,0.1203,0.9876,31693,32162,true,0.0000,0.0006,0.0009,0.0001,0.0010,0.0000,0.0001,4.3165,0.0000,0.0002,0.0002,0.7759,0.0000,0.0006,0.0000,0.0004
89,91136,5.933333,P,false,8921,32053,0.3089,0.0000,203.2721,0.2127,-0.0041,0.2566,0.1282,0.9766,0,32053,true,0.0000,0.0085,0.0063,0.0047,0.0032,0.0050,0.0094,4.8572,0.0102,0.0052,0.0056,1.0474,0.0093,0.0061,0.0059,0.0531
90,92160,6.000000,B,false,4529,39672,0.5631,0.0000,204.2759,-0.3290,0.1297,0.4918,0.2312,0.9768,32289,7383,true,0.1574,0.0021,0.0012,0.0046,0.0097,0.0023,0.0056,9.0918,0.0453,0.0103,0.0071,0.0064,0.0142,0.0280,0.0121,0.0058
91,93184,6.066667,B,false,9271,41242,1.1673,0.0000,172.5415,-0.3492,0.1885,1.0467,0.4002,0.9434,32104,9138,true,0.6676,0.0236,0.0125,0.0082,0.1117,0.0123,0.0136,18.1558,0.0410,0.0118,0.0281,0.0734,0.0063,0.0160,0.0539,0.0353
92,94208,6.133333,B,false,3121,63223,0.4082,0.0000,207.2251,0.0337,-0.0089,0.3853,0.1172,0.9875,31284,31939,true,0.0003,0.0004,0.0003,0.0002,0.0004,0.0019,0.0006,7.3669,0.0004,0.0015,0.0008,0.0010,0.0001,0.0011,0.0008,0.0011
93,95232,6.200000,P,false,384812,38375,1.3294,0.2500,318.7139,0.2145,0.0139,0.8098,0.7135,0.3016,0,38375,true,1.8761,1.0486,0.7436,0.9403,0.9562,0.7533,0.9508,6.3907,2.0046,0.7213,1.3991,1.6773,0.4799,1.2709,1.6638,1.4621
94,96256,6.266667,B,false,3909,60880,0.3009,0.0000,169.6496,0.0060,-0.0105,0.2934,0.0414,0.9902,32020,28860,true,0.0000,0.0001,0.0000,0.0000,0.0001,0.0001,0.0000,5.2946,0.0000,0.0001,0.0000,0.0002,0.0000,0.0001,0.0001,0.0026
95,97280,6.333333,B,false,5495,60175,0.6286,0.0000,265.5899,0.0989,0.0536,0.6010,0.1375,0.9860,31444,28731,true,0.0004,0.0012,0.0015,0.0009,0.0005,0.0009,0.0007,11.2306,0.0003,0.0004,0.0011,0.0020,0.0004,0.0016,0.0018,0.0020
96,98304,6.400000,B,false,2633,63296,0.2499,0.0000,145.7841,0.0724,0.0177,0.2380,0.0616,0.9903,31216,32080,true,0.0000,0.0000,0.0000,0.0000,0.0001,0.0002,0.0001,4.3030,0.0000,0.0001,0.0000,0.0000,0.0000,0.0001,0.0001,0.0007
97,99328,6.466667,P,false,41958,36157,0.3198,0.0000,532.5730,0.2046,-0.0081,0.2649,0.1042,0.8643,0,36157,true,0.1388,0.0715,0.0727,0.0643,0.0282,0.0615,0.0771,5.4783,0.0176,0.0683,0.1072,0.2076,0.0260,0.0176,0.0551,0.1192
98,100352,6.533333,B,false,4799,59664,0.3144,0.0000,187.6341,0.0552,0.0082,0.2256,0.1984,0.9877,31509,28155,true,0.0001,0.0010,0.0008,0.0006,0.0001,0.0009,0.0009,5.3114,0.0004,0.0007,0.0008,0.0009,0.0000,0.0001,0.0003,0.0015
99,101376,6.600000,B,false,2707,63275,0.2249,0.0000,61.0020,0.0084,0.0104,0.1423,0.1693,0.9914,31546,31729,true,0.0000,0.0003,0.0001,0.0001,0.0001,0.0001,0.0009,3.7951,0.0000,0.0001,0.0003,0.0007,0.0000,0.0001,0.0002,0.0000
100,102400,6.666667,P,false,53761,36771,0.1302,0.0000,284.2440,0.0574,0.0172,0.0901,0.0651,0.8850,0,36771,true,0.0022,0.0376,0.0503,0.0452,0.0220,0.0498,0.0836,1.8307,0.0070,0.0437,0.0481,0.1446,0.0006,0.0102,0.0357,0.0385
101,103424,6.733333,B,false,3435,61389,0.1726,0.0000,279.5873,0.0234,-0.0115,0.0781,0.1455,0.9917,31580,29809,true,0.0000,0.0014,0.0003,0.0003,0.0001,0.0003,0.0010,2.8781,0.0001,0.0004,0.0008,0.0013,0.0000,0.0001,0.0001,0.0117
102,104448,6.800000,P,false,37252,34978,0.1057,0.0000,201.2064,0.0444,-0.0205,0.0680,0.0579,0.9334,0,34978,true,0.0005,0.0168,0.0274,0.0210,0.0135,0.0229,0.0487,1.4833,0.0006,0.0192,0.0316,0.0759,0.0001,0.0076,0.0195,0.0684
103,105472,6.866667,B,false,3703,56811,0.0995,0.0000,61.1847,-0.0000,-0.0348,0.0217,0.0923,0.9951,32059,24752,true,0.0000,0.0006,0.0001,0.0000,0.0000,0.0004,0.0007,1.6243,0.0000,0.0012,0.0002,0.0013,0.0000,0.0004,0.0013,0.0001
104,106496,6.933333,B,false,4545,56457,0.1088,0.0000,91.0580,-0.0281,-0.0184,0.0590,0.0756,0.9905,31466,24991,true,0.0000,0.0006,0.0014,0.0014,0.0026,0.0021,0.0022,1.7294,0.0011,0.0028,0.0013,0.0015,0.0028,0.0020,0.0011,0.0015
105,107520,7.000000,B,false,3340,60979,0.0450,0.0000,79.0000,-0.0111,-0.0062,0.0309,0.0245,0.9957,29835,31144,true,0.0008,0.0008,0.0002,0.0000,0.0042,0.0001,0.0008,0.7142,0.0013,0.0015,0.0005,0.0019,0.0197,0.0022,0.0013,0.0006
106,108544,7.066667,P,false,116563,39786,0.1966,0.0000,523.9896,0.0578,-0.0322,0.1153,0.1187,0.8086,0,39786,true,0.0148,0.0668,0.0920,0.0841,0.0461,0.1022,0.1087,2.2178,0.0406,0.0787,0.1067,0.1830,0.0035,0.0391,0.0444,0.1173
107,109568,7.133333,B,false,2796,60127,0.0344,0.0000,74.4484,0.0167,-0.0034,0.0276,0.0166,0.9977,32222,27905,true,0.0000,0.0001,0.0000,0.0113,0.0000,0.0001,0.0000,0.5646,0.0000,0.0006,0.0001,0.0001,0.0001,0.0002,0.0010,0.0001
108,110592,7.200000,B,false,3688,59838,0.0435,0.0000,125.3101,0.0195,-0.0062,0.0295,0.0271,0.9952,31340,28498,true,0.0000,0.0009,0.0007,0.0184,0.0000,0.0010,0.0012,0.7249,0.0001,0.0005,0.0023,0.0007,0.0000,0.0003,0.0031,0.0004
109,111616,7.266667,B,false,2370,61854,0.0251,0.0000,54.7500,0.0040,-0.0090,0.0146,0.0177,0.9981,29946,31908,true,0.0000,0.0001,0.0000,0.0396,0.0039,0.0001,0.0000,0.3904,0.0000,0.0006,0.0003,0.0001,0.0001,0.0001,0.0010,0.0001
110,112640,7.333333,P,false,58556,35826,0.1002,0.0000,102.6672,0.0046,-0.0361,0.0457,0.0696,0.8889,0,35826,true,0.0013,0.0244,0.0347,0.1180,0.0110,0.0234,0.0275,0.7268,0.1315,0.0221,0.0194,0.0368,0.3523,0.0399,0.0117,0.0320
111,113664,7.400000,B,false,3009,59104,0.0060,0.0000,49.0574,-0.0013,0.0032,0.0032,0.0038,0.9979,31609,27495,true,0.0000,0.0006,0.0001,0.0485,0.0000,0.0003,0.0003,0.0430,0.0000,0.0009,0.0007,0.0005,0.0001,0.0003,0.0012,0.0006
112,114688,7.466667,B,false,1583,63000,0.0017,0.0000,24.0637,-0.0006,0.0001,0.0010,0.0010,0.9991,31546,31454,true,0.0000,0.0001,0.0008,0.0112,0.0000,0.0003,0.0002,0.0092,0.0001,0.0001,0.0004,0.0003,0.0000,0.0021,0.0025,0.0008
113,115712,7.533333,P,false,52757,36035,0.0642,0.0000,91.6273,0.0025,-0.0106,0.0295,0.0430,0.9342,0,36035,true,0.0023,0.0159,0.0295,0.1697,0.0250,0.0445,0.0295,0.4094,0.0068,0.0231,0.0390,0.0538,0.0745,0.0099,0.0126,0.0494
114,116736,7.600000,B,false,2783,58166,0.0007,0.0000,6.0000,-0.0001,-0.0000,0.0002,0.0005,0.9983,31636,26530,true,0.0000,0.0003,0.0001,0.0044,0.0001,0.0009,0.0007,0.0015,0.0000,0.0006,0.0008,0.0004,0.0003,0.0001,0.0002,0.0005
115,117760,7.666667,B,false,1050,63591,0.0001,0.0000,2.0000,-0.0000,0.0000,0.0001,0.0000,0.9998,31640,31951,true,0.0000,0.0003,0.0000,0.0005,0.0000,0.0001,0.0000,0.0003,0.0000,0.0001,0.0003,0.0000,0.0000,0.0001,0.0000,0.0001
116,118784,7.733333,P,false,69204,36065,0.0521,0.0000,62.0534,0.0028,-0.0054,0.0268,0.0315,0.9333,0,36065,true,0.0039,0.0158,0.0214,0.1535,0.0535,0.0380,0.0319,0.2296,0.0010,0.0277,0.0539,0.0373,0.0079,0.0139,0.0531,0.0744
117,119808,7.800000,B,false,2128,61374,0.0003,0.0000,2.0000,-0.0000,0.0001,0.0002,0.0001,0.9992,32239,29135,true,0.0001,0.0001,0.0001,0.0002,0.0002,0.0002,0.0001,0.0005,0.0010,0.0009,0.0001,0.0000,0.0001,0.0001,0.0003,0.0008
118,120832,7.866667,B,false,7088,44423,0.0127,0.0000,16.4924,-0.0022,-0.0004,0.0065,0.0071,0.9826,12219,32204,true,0.0033,0.0070,0.0072,0.0074,0.0151,0.0178,0.0070,0.0228,0.0053,0.0129,0.0395,0.0159,0.0030,0.0047,0.0217,0.0199
119,121856,7.933333,B,false,2128,39875,0.0008,0.0000,2.2500,-0.0001,0.0001,0.0004,0.0004,0.9983,7543,32332,true,0.0004,0.0013,0.0001,0.0002,0.0003,0.0010,0.0006,0.0023,0.0017,0.0021,0.0002,0.0004,0.0001,0.0005,0.0006,0.0011
120,122880,8.000000,P,false,346304,43666,1.2569,0.2500,72.0004,0.0119,0.0025,0.7532,0.6546,0.3395,0,43666,true,2.2764,1.0660,0.6580,1.0887,1.7665,0.6886,0.9636,0.8201,2.7035,0.7187,1.4544,1.1628,1.9799,1.1093,1.9415,1.5347
121,123904,8.066667,B,false,2546,60788,0.0021,0.0000,8.7500,0.0003,-0.0006,0.0006,0.0016,0.9970,32023,28765,true,0.0001,0.0003,0.0005,0.0006,0.0018,0.0008,0.0005,0.0001,0.0013,0.0106,0.0008,0.0024,0.0001,0.0074,0.0005,0.0057
122,124928,8.133333,B,false,3489,59903,0.0049,0.0000,13.0000,-0.0003,-0.0004,0.0017,0.0033,0.9859,31445,28458,true,0.0034,0.0029,0.0040,0.0038,0.0082,0.0054,0.0055,0.0047,0.0095,0.0044,0.0063,0.0018,0.0016,0.0108,0.0035,0.0033
123,125952,8.200000,B,false,2174,62010,0.0016,0.0000,16.0000,0.0000,-0.0001,0.0008,0.0008,0.9972,30918,31092,true,0.0009,0.0019,0.0009,0.0005,0.0002,0.0009,0.0051,0.0010,0.0001,0.0017,0.0010,0.0009,0.0063,0.0006,0.0002,0.0031
124,126976,8.266667,P,false,45758,37540,0.0841,0.0000,28.0000,0.0055,0.0027,0.0443,0.0472,0.8379,0,37540,true,0.0319,0.1056,0.0883,0.0953,0.0796,0.0802,0.0998,0.1388,0.0731,0.0820,0.0999,0.0975,0.0187,0.0428,0.0913,0.0927
125,128000,8.333333,B,false,2271,61006,0.0005,0.0000,1.0000,-0.0000,0.0001,0.0002,0.0003,0.9981,32162,28844,true,0.0001,0.0004,0.0007,0.0003,0.0007,0.0005,0.0010,0.0005,0.0001,0.0009,0.0005,0.0008,0.0002,0.0002,0.0003,0.0009
126,129024,8.400000,B,false,3488,60936,0.0033,0.0000,9.2229,0.0001,0.0003,0.0014,0.0021,0.9940,31041,29895,true,0.0004,0.0034,0.0021,0.0022,0.0012,0.0030,0.0062,0.0117,0.0005,0.0045,0.0027,0.0011,0.0035,0.0008,0.0066,0.0039
127,130048,8.466667,B,false,2094,61422,0.0012,0.0000,1.4142,0.0002,0.0004,0.0004,0.0008,0.9958,31933,29489,true,0.0001,0.0009,0.0013,0.0002,0.0007,0.0055,0.0019,0.0022,0.0003,0.0019,0.0012,0.0012,0.0003,0.0005,0.0007,0.0005
128,131072,8.533333,P,false,41538,36992,0.0550,0.0000,16.0000,0.0026,0.0004,0.0277,0.0324,0.8779,0,36992,true,0.0072,0.0471,0.0678,0.0404,0.0540,0.0757,0.0884,0.1055,0.0047,0.0950,0.0572,0.0581,0.0535,0.0172,0.0246,0.0485
129,132096,8.600000,B,false,2468,61276,0.0010,0.0000,0.5000,0.0000,0.0001,0.0004,0.0007,0.9959,31666,29610,true,0.0001,0.0012,0.0009,0.0013,0.0006,0.0018,0.0010,0.0019,0.0004,0.0008,0.0018,0.0006,0.0004,0.0008,0.0013,0.0019
130,133120,8.666667,B,false,1272,63187,0.0007,0.0000,11.0000,0.0001,-0.0002,0.0003,0.0004,0.9987,30987,32200,true,0.0022,0.0006,0.0008,0.0006,0.0003,0.0003,0.0008,0.0004,0.0028,0.0001,0.0005,0.0007,0.0001,0.0001,0.0003,0.0006
131,134144,8.733333,P,false,27919,35444,0.0333,0.0000,21.0000,0.0021,-0.0020,0.0152,0.0211,0.9231,0,35444,true,0.0101,0.0262,0.0468,0.0350,0.0264,0.0388,0.0381,0.0707,0.0275,0.0416,0.0295,0.0456,0.0044,0.0204,0.0241,0.0360
132,135168,8.800000,P,false,75508,38717,0.0664,0.0000,11.5000,0.0029,-0.0048,0.0353,0.0376,0.8514,0,38717,true,0.0032,0.0716,0.0766,0.0865,0.0585,0.0793,0.1142,0.1547,0.0016,0.0724,0.0631,0.0696,0.0005,0.0306,0.0347,0.0776
133,136192,8.866667,B,false,3681,56245,0.0056,0.0000,16.0000,0.0009,-0.0019,0.0022,0.0036,0.9975,32141,24104,true,0.0101,0.0128,0.0016,0.0002,0.0001,0.0080,0.0043,0.0027,0.0062,0.0052,0.0066,0.0081,0.0095,0.0056,0.0065,0.0022
134,137216,8.933333,B,false,3066,58533,0.0011,0.0000,7.5000,0.0002,0.0000,0.0006,0.0006,0.9974,31815,26718,true,0.0002,0.0010,0.0004,0.0006,0.0006,0.0004,0.0006,0.0007,0.0011,0.0035,0.0015,0.0027,0.0006,0.0014,0.0010,0.0009
135,138240,9.000000,B,false,1976,61737,0.0004,0.0000,16.0000,-0.0000,-0.0003,0.0000,0.0004,0.9997,31013,30724,true,0.0001,0.0044,0.0000,0.0001,0.0000,0.0001,0.0000,0.0001,0.0000,0.0015,0.0001,0.0000,0.0000,0.0000,0.0003,0.0002
136,139264,9.066667,P,false,85644,38405,0.1070,0.0000,18.0000,0.0072,-0.0120,0.0564,0.0597,0.8551,0,38405,true,0.0976,0.1313,0.0894,0.1268,0.0944,0.0892,0.1075,0.1446,0.0589,0.1241,0.1409,0.0694,0.0468,0.1483,0.1092,0.1142
137,140288,9.133333,B,false,2370,59830,0.0001,0.0000,0.5000,0.0000,0.0000,0.0000,0.0000,0.9998,32323,27507,true,0.0001,0.0000,0.0001,0.0001,0.0000,0.0002,0.0001,0.0000,0.0000,0.0003,0.0001,0.0000,0.0000,0.0001,0.0000,0.0000
138,141312,9.200000,B,false,2748,58990,0.0006,0.0000,1.0000,-0.0000,0.0000,0.0002,0.0004,0.9978,31680,27310,true,0.0000,0.0005,0.0007,0.0008,0.0001,0.0008,0.0010,0.0010,0.0001,0.0007,0.0015,0.0004,0.0001,0.0004,0.0008,0.0006
139,142336,9.266667,B,false,1466,62838,0.0002,0.0000,6.0000,-0.0001,-0.0000,0.0001,0.0000,0.9997,30913,31925,true,0.0001,0.0001,0.0001,0.0000,0.0000,0.0001,0.0000,0.0001,0.0000,0.0001,0.0004,0.0000,0.0015,0.0001,0.0002,0.0000
140,143360,9.333333,P,false,61003,36931,0.0693,0.0000,25.0000,0.0031,-0.0069,0.0405,0.0350,0.9096,0,36931,true,0.0108,0.0452,0.0594,0.0505,0.0257,0.0963,0.0881,0.0890,0.0226,0.0939,0.1880,0.0918,0.0207,0.0190,0.0999,0.0751
141,144384,9.400000,B,false,2081,61046,0.0002,0.0000,1.2500,0.0000,0.0000,0.0001,0.0001,0.9996,32388,28658,true,0.0004,0.0000,0.0000,0.0001,0.0007,0.0000,0.0000,0.0000,0.0001,0.0000,0.0001,0.0002,0.0005,0.0001,0.0001,0.0001
142,145408,9.466667,B,false,2336,61150,0.0011,0.0000,16.0000,-0.0000,0.0000,0.0008,0.0003,0.9983,31516,29634,true,0.0011,0.0003,0.0007,0.0008,0.0002,0.0004,0.0003,0.0006,0.0005,0.0001,0.0010,0.0005,0.0004,0.0087,0.0013,0.0003
143,146432,9.533333,B,false,1963,61593,0.0003,0.0000,1.2500,-0.0000,0.0000,0.0001,0.0001,0.9993,32005,29588,true,0.0005,0.0001,0.0001,0.0001,0.0010,0.0000,0.0000,0.0001,0.0002,0.0001,0.0002,0.0001,0.0006,0.0006,0.0003,0.0001
144,147456,9.600000,P,false,40780,34816,0.0522,0.0000,25.3180,-0.0004,0.0147,0.0194,0.0365,0.9514,0,34816,true,0.0478,0.0309,0.0266,0.0859,0.0391,0.0296,0.0166,0.0660,0.1120,0.0205,0.0390,0.0290,0.2004,0.0803,0.0080,0.0241
145,148480,9.666667,B,false,1624,61877,0.0001,0.0000,0.3536,0.0000,-0.0000,0.0000,0.0000,0.9998,32377,29500,true,0.0001,0.0000,0.0000,0.0000,0.0000,0.0001,0.0000,0.0002,0.0001,0.0001,0.0001,0.0000,0.0000,0.0000,0.0001,0.0001
146,149504,9.733333,B,false,3037,60166,0.0011,0.0000,3.2500,0.0001,0.0000,0.0004,0.0007,0.9968,29294,30872,true,0.0004,0.0006,0.0005,0.0006,0.0012,0.0006,0.0012,0.0007,0.0004,0.0039,0.0016,0.0007,0.0009,0.0009,0.0010,0.0022
147,150528,9.800000,B,false,1794,61826,0.0005,0.0000,6.0000,0.0000,0.0003,0.0000,0.0005,0.9991,31643,30183,true,0.0001,0.0004,0.0002,0.0002,0.0001,0.0001,0.0001,0.0003,0.0003,0.0006,0.0004,0.0001,0.0001,0.0000,0.0050,0.0003
148,151552,9.866667,P,false,67195,37718,0.0708,0.0000,18.3576,0.0050,-0.0024,0.0356,0.0410,0.8932,0,37718,true,0.0266,0.0667,0.0629,0.0471,0.0440,0.0661,0.0715,0.0778,0.1190,0.1207,0.0959,0.0644,0.0733,0.0625,0.0484,0.0697
149,152576,9.933333,B,false,2932,58854,0.0008,0.0000,10.8167,-0.0003,-0.0001,0.0005,0.0004,0.9983,26950,31904,true,0.0001,0.0004,0.0005,0.0005,0.0001,0.0005,0.0006,0.0006,0.0003,0.0012,0.0059,0.0003,0.0001,0.0008,0.0003,0.0006
150,153600,10.000000,P,false,155497,40099,0.1363,0.0000,32.0010,0.0114,-0.0038,0.0775,0.0733,0.8218,0,40099,true,0.0033,0.0827,0.1001,0.2019,0.0111,0.2012,0.1563,0.1324,0.0033,0.1955,0.3177,0.1968,0.0017,0.0720,0.1233,0.2431
151,154624,10.066667,B,false,1565,60885,0.0001,0.0000,0.2500,-0.0000,0.0000,0.0000,0.0000,0.9998,32389,28496,true,0.0001,0.0000,0.0002,0.0000,0.0001,0.0000,0.0001,0.0001,0.0000,0.0000,0.0002,0.0000,0.0000,0.0000,0.0001,0.0001
152,155648,10.133333,B,false,2296,61685,0.0010,0.0000,7.0000,0.0001,0.0000,0.0005,0.0005,0.9970,31623,30062,true,0.0002,0.0005,0.0009,0.0007,0.0005,0.0006,0.0013,0.0013,0.0008,0.0013,0.0010,0.0009,0.0024,0.0005,0.0006,0.0019
153,156672,10.200000,B,false,1543,62688,0.0017,0.0000,18.0000,0.0004,-0.0006,0.0006,0.0012,0.9993,31583,31105,true,0.0001,0.0000,0.0001,0.0003,0.0062,0.0000,0.0002,0.0001,0.0000,0.0003,0.0101,0.0008,0.0014,0.0032,0.0046,0.0001
154,157696,10.266667,P,false,36244,34721,0.0757,0.0000,22.8035,0.0103,-0.0001,0.0388,0.0438,0.9339,0,34721,true,0.0236,0.0214,0.0289,0.0906,0.1106,0.0710,0.0852,0.0825,0.0201,0.0416,0.0933,0.0634,0.0752,0.0867,0.1386,0.1705
155,158720,10.333333,B,false,1751,62167,0.0002,0.0000,2.5000,-0.0000,0.0001,0.0000,0.0001,0.9994,31496,30671,true,0.0002,0.0002,0.0000,0.0003,0.0002,0.0000,0.0001,0.0001,0.0001,0.0001,0.0000,0.0003,0.0001,0.0001,0.0008,0.0004
156,159744,10.400000,P,false,19573,33559,0.0164,0.0000,16.0000,0.0003,-0.0014,0.0084,0.0090,0.9779,0,33559,true,0.0017,0.0037,0.0121,0.0094,0.0065,0.0226,0.0220,0.0156,0.0012,0.0136,0.0301,0.0203,0.0358,0.0095,0.0134,0.0437
157,160768,10.466667,B,false,2147,61340,0.0002,0.0000,1.2500,-0.0000,-0.0000,0.0000,0.0002,0.9995,32305,29035,true,0.0001,0.0004,0.0003,0.0003,0.0001,0.0001,0.0000,0.0003,0.0000,0.0002,0.0006,0.0003,0.0001,0.0003,0.0000,0.0003
158,161792,10.533333,B,false,5457,49872,0.0039,0.0000,11.0000,0.0004,0.0008,0.0015,0.0024,0.9912,17715,32157,true,0.0008,0.0123,0.0022,0.0020,0.0034,0.0048,0.0029,0.0033,0.0011,0.0039,0.0067,0.0094,0.0010,0.0023,0.0051,0.0037
159,162816,10.600000,B,false,2476,44894,0.0007,0.0000,6.7500,0.0001,0.0001,0.0003,0.0004,0.9988,12581,32313,true,0.0001,0.0004,0.0000,0.0016,0.0001,0.0010,0.0030,0.0015,0.0000,0.0003,0.0015,0.0005,0.0001,0.0003,0.0003,0.0012
160,163840,10.666667,P,false,182438,41454,0.4753,0.0000,41.6841,0.0205,0.0424,0.2395,0.2913,0.6071,0,41454,true,0.9005,0.5297,0.3499,0.5536,0.3872,0.3527,0.4595,0.4326,0.6109,0.3503,0.7072,0.5800,0.1951,0.3538,0.4446,0.5096
161,164864,10.733333,B,false,1518,62530,0.0005,0.0000,2.5000,-0.0000,0.0003,0.0001,0.0004,0.9983,32334,30196,true,0.0002,0.0015,0.0010,0.0002,0.0000,0.0009,0.0003,0.0001,0.0010,0.0003,0.0010,0.0007,0.0001,0.0003,0.0003,0.0002
162,165888,10.800000,B,false,2722,61704,0.0041,0.0000,15.0000,-0.0000,-0.0003,0.0017,0.0025,0.9902,31657,30047,true,0.0052,0.0024,0.0040,0.0023,0.0069,0.0012,0.0021,0.0032,0.0094,0.0028,0.0036,0.0033,0.0018,0.0068,0.0079,0.0033
163,166912,10.866667,B,false,1176,63472,0.0004,0.0000,2.0000,0.0000,-0.0000,0.0000,0.0003,0.9986,31154,32318,true,0.0000,0.0001,0.0010,0.0002,0.0000,0.0007,0.0002,0.0002,0.0000,0.0005,0.0021,0.0001,0.0000,0.0001,0.0006,0.0002
164,167936,10.933333,P,false,9814,33493,0.1180,0.0000,32.0000,0.0424,-0.0136,0.0829,0.0417,0.9347,0,33493,true,0.1516,0.0521,0.0274,0.0729,0.0850,0.0561,0.0532,0.0295,0.1929,0.0800,0.0668,0.0478,0.7463,0.0721,0.1322,0.0602
165,168960,11.000000,B,false,1328,63482,0.0026,0.0000,19.0000,0.0006,-0.0002,0.0020,0.0006,0.9976,31925,31557,true,0.0039,0.0055,0.0016,0.0001,0.0003,0.0008,0.0021,0.0003,0.0002,0.0025,0.0008,0.0008,0.0000,0.0185,0.0029,0.0012
166,169984,11.066667,B,false,2067,62696,0.0021,0.0000,3.0000,0.0000,0.0004,0.0008,0.0014,0.9924,30967,31729,true,0.0003,0.0037,0.0027,0.0026,0.0012,0.0034,0.0015,0.0020,0.0006,0.0027,0.0035,0.0032,0.0001,0.0009,0.0015,0.0042
167,171008,11.133333,B,false,1213,63508,0.0011,0.0000,2.0000,0.0001,0.0002,0.0003,0.0008,0.9964,31304,32204,true,0.0000,0.0006,0.0001,0.0002,0.0022,0.0012,0.0008,0.0001,0.0003,0.0039,0.0048,0.0024,0.0005,0.0001,0.0001,0.0002
168,172032,11.200000,P,false,4875,32925,0.0279,0.0000,16.0000,0.0017,-0.0028,0.0126,0.0177,0.9575,0,32925,true,0.0006,0.0119,0.0133,0.0117,0.0154,0.0210,0.0160,0.0101,0.0305,0.0327,0.0510,0.0536,0.0675,0.0118,0.0570,0.0407
169,173056,11.266667,B,false,1750,62583,0.0020,0.0000,15.0000,-0.0002,0.0005,0.0007,0.0014,0.9943,31863,30720,true,0.0031,0.0010,0.0020,0.0003,0.0011,0.0017,0.0128,0.0018,0.0000,0.0013,0.0013,0.0015,0.0037,0.0001,0.0003,0.0008
170,174080,11.333333,B,false,2943,61730,0.0041,0.0000,19.0000,-0.0003,0.0002,0.0020,0.0023,0.9875,30213,31517,true,0.0045,0.0092,0.0030,0.0040,0.0010,0.0054,0.0101,0.0070,0.0003,0.0052,0.0048,0.0043,0.0022,0.0020,0.0011,0.0022
171,175104,11.400000,B,false,1743,62508,0.0010,0.0000,6.0000,0.0001,0.0002,0.0003,0.0008,0.9970,30552,31956,true,0.0000,0.0013,0.0006,0.0001,0.0004,0.0011,0.0015,0.0048,0.0000,0.0007,0.0015,0.0014,0.0020,0.0002,0.0002,0.0011
172,176128,11.466667,P,false,7742,33331,0.0369,0.0000,34.2345,0.0069,-0.0018,0.0197,0.0215,0.9375,0,33331,true,0.0005,0.0183,0.0316,0.0139,0.0418,0.0361,0.1195,0.0546,0.0103,0.0324,0.0357,0.0158,0.0976,0.0298,0.0262,0.0210
173,177152,11.533333,B,false,1339,63034,0.0006,0.0000,2.0000,-0.0000,0.0001,0.0002,0.0005,0.9978,32365,30669,true,0.0000,0.0015,0.0005,0.0007,0.0009,0.0019,0.0004,0.0016,0.0000,0.0005,0.0007,0.0007,0.0000,0.0000,0.0001,0.0005
174,178176,11.600000,B,false,2445,62315,0.0035,0.0000,3.0000,-0.0000,0.0002,0.0012,0.0024,0.9864,30670,31645,true,0.0001,0.0067,0.0068,0.0031,0.0019,0.0059,0.0061,0.0081,0.0002,0.0044,0.0041,0.0040,0.0000,0.0009,0.0010,0.0034
175,179200,11.666667,B,false,1476,63086,0.0010,0.0000,2.0000,0.0000,-0.0001,0.0004,0.0006,0.9962,30734,32352,true,0.0000,0.0016,0.0019,0.0005,0.0009,0.0023,0.0021,0.0031,0.0000,0.0009,0.0011,0.0012,0.0000,0.0003,0.0002,0.0004
176,180224,11.733333,P,false,750,32474,0.0113,0.0000,2.0000,0.0001,-0.0090,0.0014,0.0105,0.9839,0,32474,true,0.0000,0.0038,0.0018,0.0003,0.0033,0.0073,0.0060,0.0095,0.1390,0.0030,0.0042,0.0005,0.0000,0.0004,0.0000,0.0006
177,181248,11.800000,P,false,309,32402,0.0003,0.0000,0.7071,-0.0000,0.0000,0.0002,0.0002,0.9992,0,32402,true,0.0000,0.0006,0.0018,0.0000,0.0006,0.0000,0.0007,0.0002,0.0000,0.0002,0.0001,0.0000,0.0000,0.0000,0.0000,0.0000
